SITE_ID,AZRC 2G  Site ID,AZRC 3G Site ID,4G Site ID,Old Site ID,Operator Name,Compared ID,Site Name,DISTRICT_COMMUNITY,City/Road,Economical Region,Lat,Long,Priority_Per_Site,2G Existing Vendor,2G Existing Vendor Type,3G Existing Vendor,3G Exisitng Vendor Type,4G Existing Vendor,4G Existing Type,2G Planned Vendor,2G Planned Vendor Type,3G Planned Vendor,3G Planned Vendor Type,4G Planned Vendor,4G Planned Vendor Type,IBS,Metro,Planning Status,Dedicated to Planner,Project ID,Consolidation plan status,Polygon,Cluster,2G Phase,3G Phase,4G Phase,"Site Target (coverage, capasity, quality)",Site Type,Antenna Support Owner,Site Type (Pole/Tower),Antenna support Height,AZCL Collocation Site ID,AZCL Collocated ID,2G config 900 Sector 1,2G config 900 Sector 2,2G config 900 Sector 3,2G config 900 Sector 4,Sum TRX 900,2G config 1800 Sector 1,2G config 1800 Sector 2,2G config 1800 Sector 3,2G config 1800 Sector 4,Sum TRX 1800,3G config Sector 1,3G config Sector 2,3G config Sector 3,3G config Sector 4,Total Carrier,4G config Sector 1,4G config Sector 2,4G config Sector 3,4G config Sector 4,Total RRU,Antenna type 2G Sector1,Antenna type 2G Sector2,Antenna type 2G Sector3,Antenna type 2G Sector4,Antenna type 3G Sector1,Antenna type 3G Sector2,Antenna type 3G Sector3,Antenna type 3G Sector4,Antenna type 3G Sector5,Antenna type 3G Sector6,Antenna type 4G Sector1,Antenna type 4G Sector2,Antenna type 4G Sector3,Antenna type 4G Sector4,Antenna type 4G Sector5,Antenna type 4G Sector6,Antenna type 4G Sector1 (LTE 800 or LTE3700),Antenna type 4G Sector2 (LTE 800 or LTE3700),Antenna type 4G Sector3 (LTE 800 or LTE3700),Antenna type 4G Sector4 (LTE 800 or LTE3700),Mech Downtilt 2G Sector 1/2/3/4,Mech Downtilt 3G Sector 1/2/3/4,Mech Downtilt 4G Sector 1/2/3/4,Mech Downtilt 4G Sector 1/2/3/4(LTE 800 or LTE3700),"Elect, Downtilt 2G Sector 1/2/3/4","Elect, Downtilt 3G Sector 1/2/3/4","Elect, Downtilt 4G Sector 1/2/3/4","Elect, Downtilt 4G Sector 1/2/3/4 (LTE 800 or LTE3700)",Azimuth 2G Sector 1/2/3/4,Azimuth 3G Sector 1/2/3/4,Azimuth 4G Sector 1/2/3/4,Azimuth 4G Sector 1/2/3/4 (LTE 800  or LTE3700),Height 2G Sector 1/2/3/4,Height 3G Sector 1/2/3/4,Height 4G Sector 1/2/3/4,Height 4G Sector 1/2/3/4 (LTE 800 or LTE3700),Feeder Line Sector 1,Feeder Line Sector 2,Feeder Line Sector 3,Feeder Line Sector 4,Feeder Type Sector 1,Feeder Type Sector 2,Feeder Type Sector 3,Feeder Type Sector 4,On Air Date (2G),On Air Date (3G 2100),On Air Date (4G),On Air Date (U900),Terminated Date (2G),Terminated Date (3G),Terminated Date (4G),Terminated Date (U900),Dismantled Site ID for Replacement,Complaint #/description,New MOCN ID,U900 vendor,3G MOCN Status,2G MOCN Status,LTE-A  Status,LTE project comment,4th sector as Site ,AZRC to Azercell colo request,Azercell to AZRC colo request,Azercell on Air on AZRC,Current 2G ANTAZIMUTH (GSM900-DCS1800),Current 2G ANTHEIGHT(GSM900-DCS1800),Current 2G ANTTYPE(GSM900-DCS1800),Current 2G MTILT(GSM900-DCS1800),Current ETILT 2G (GSM900-DCS1800),Current 3G ANTAZIMUTH (U900-U2100),Current 3G ANTTYPE(U900-U2100),Current 3G ANTHEIGHT(U900-U2100),Current 3G MTILT(U900-U2100),Current 3G ETILT(U900-U2100),Curent 4G ANT_DIRECTION,Curent 4G Antenna height,Curent 4G Antenna tipe,Curent 4G Mechnicaltilt,Curent 4G Electricaltilt,4G BBU type,TSS done date,TSS done person,Address,Car number
a1212123,a123131232,a123131232,a123131232,a123131232,a123131232,a123131232,a123131232,a123131232,a123131232,a123131232,40.98373,47.83963,High,,,,,,,wegwegewegwe,DBS3900,wergewweg,DBS3900,,,IBS/Outdoor/,r3q,r3,asdqwerqwer,asdqwerqwer,asdqwerqwer,asdqwerqwer,asdqwerqwer,asdqwerqwer,asdqwerqwer,asdqwerqwer,asdqwerqwer,asdqwerqwer,asdqwerqwer,IBS,,,,4,0,0,,4,2,2,2,,6,1,1,1,,3,,,,,, IWH-090V08N0-1 / IXD-360V03N0-3, IWH-090V08N0-1 / IXD-360V03N0-3, IWH-090V08N0-1 / IXD-360V03N0-3,,Shared,Shared,Shared,,,,,,,,,,,,,,IBS,IBS,,,,,,,60|180|330,60|180|330,,,29|29|29,29|29|29,,,,,,,,,,,,,,,,,,,,"#1230851 [Opened, Priority 2] [Qafqaz Karvansaray oteli]",,,,,,,,,,,,,,,,,,,,,,,,,,,,,,
a1212124,a123131233,a123131233,a123131233,a123131233,a123131233,a123131233,a123131233,a123131233,a123131233,a123131233,40.136706,47.178707,High,,,,,,,wegwegewegwe,DBS3900,wergewweg,DBS3900,,,,,Accepted,asdqwerqwer,asdqwerqwer,asdqwerqwer,asdqwerqwer,asdqwerqwer,asdqwerqwer,asdqwerqwer,asdqwerqwer,asdqwerqwer,asdqwerqwer,asdqwerqwer,GF 50m,50m,,,4,4,4,,12,3,3,3,,9,2,2,2,,6,,,,,,K742224,K742224,K742224,,Shared,Shared,Shared,,,,,,,,,,,,,,0|0|0,0|0|0,,,0|0|0,0|0|0,,,40|240|320,40|240|320,,,50|50|50,50|50|50,,,60,60,60,,F.O.,F.O.,F.O.,,,,,,,,,,SVN3304,,,,,,,,,,,,,,,,,,,,,,,,,,,,04/08/2019,zaza N,,
a1212125,a123131234,a123131234,a123131234,a123131234,a123131234,a123131234,a123131234,a123131234,a123131234,a123131234,41.031709,47.892529,High,,,w34rfg4wgf,DBS3900,werggr,DBS3900,wegwegewegwe,DBS3900,wergewweg,DBS3900,,,,,On Air 3G/4G,asdqwerqwer,asdqwerqwer,asdqwerqwer,asdqwerqwer,asdqwerqwer,asdqwerqwer,asdqwerqwer,asdqwerqwer,asdqwerqwer,asdqwerqwer,asdqwerqwer,GF 30m,GF 30m,,,4,4,,,8,,,,,,2,2,,,4,2,2,,,4,742266,742266,,,Shared,Shared,,,,,Shared,Shared,,,,,,,,,2/0,2/0,2/0,,0/0,0/0,0/0,,170/280,170/280,170/280,,30/30/30/,30/30/30/,30/30/30/,,35,35,35,,F.O.,F.O.,F.O.,,,2020-08-21 0:00:00,2020-08-21 0:00:00,,,,,,,#491785 [Ski resort coverage_Gabala]/AZRC Management request,,,,,,,,,Approved,,,,,,,,,,,,,,,,,,12-11-2018/15-03-2019,e3ed3 M./ R H,,
a1212126,a123131235,a123131235,a123131235,a123131235,a123131235,a123131235,a123131235,a123131235,a123131235,a123131235,40.31793,48.32703,Middle,,,,,,,wegwegewegwe,DBS3900,wergewweg,,,,,,Nominal,asdqwerqwer,asdqwerqwer,asdqwerqwer,asdqwerqwer,asdqwerqwer,asdqwerqwer,asdqwerqwer,asdqwerqwer,asdqwerqwer,asdqwerqwer,asdqwerqwer,GF 18m,18m,,,,,,,,,,,,,,,,,,,,,,,,,,,,,,,,,,,,,,,,,,,0/0/0,0/0/0,,,2/2/2,2/2/2/,,,60/180/300,60/180/300,,,18/18/18,18/18/18,18/18/18,,,,,,,,,,,,,,,,,,,,,,,,,,,,,,,,,,,,,,,,,,,,,,,,,
a1212127,a123131236,a123131236,a123131236,a123131236,a123131236,a123131236,a123131236,a123131236,a123131236,a123131236,39.94252,48.03182,Middle,,,,,,,wegwegewegwe,DBS3900,wergewweg,,,,,,Nominal,asdqwerqwer,asdqwerqwer,asdqwerqwer,asdqwerqwer,asdqwerqwer,asdqwerqwer,asdqwerqwer,asdqwerqwer,asdqwerqwer,asdqwerqwer,asdqwerqwer,GF 30m,30m,,,,,,,,,,,,,,,,,,,,,,,,,,,,,,,,,,,,,,,,,,,0/0/0,0/0/0,,,2/2/2,2/2/2/,,,60/180/300,60/180/300,,,30/30/30,30/30/30,30/30/30,,,,,,,,,,,,,,,,,,,,,,,,,,,,,,,,,,,,,,,,,,,,,,,,,
a1212128,a123131237,a123131237,a123131237,a123131237,a123131237,a123131237,a123131237,a123131237,a123131237,a123131237,40.415,47.6823,Middle,,,,,,,wegwegewegwe,DBS3900,wergewweg,,,,,,Nominal,asdqwerqwer,asdqwerqwer,asdqwerqwer,asdqwerqwer,asdqwerqwer,asdqwerqwer,asdqwerqwer,asdqwerqwer,asdqwerqwer,asdqwerqwer,asdqwerqwer,GF 18m,18m,,,,,,,,,,,,,,,,,,,,,,,,,,,,,,,,,,,,,,,,,,,0/0/0,0/0/0,,,2/2/2,2/2/2/,,,60/180/300,60/180/300,,,18/18/18,18/18/18,18/18/18,,,,,,,,,,,,,,,,,,,,,,,,,,,,,,,,,,,,,,,,,,,,,,,,,
a1212129,a123131238,a123131238,a123131238,a123131238,a123131238,a123131238,a123131238,a123131238,a123131238,a123131238,41.0387,47.7852,High,,,,,,,wegwegewegwe,DBS3900,wergewweg,DBS3900,,,,,Nominal,asdqwerqwer,asdqwerqwer,asdqwerqwer,asdqwerqwer,asdqwerqwer,asdqwerqwer,asdqwerqwer,asdqwerqwer,asdqwerqwer,asdqwerqwer,asdqwerqwer,GF 30m,30m,,,4,4,4,,12,,,,,,2,2,2,,6,,,,,,742266,742266,742266,,Shared,Shared,Shared,,,,,,,,,,,,,,0/3/0/,0/3/0/,,,0/0/0/,0/0/0/,,,90/250/330/,90/250/330/,,,30/30/30/,30/30/30/,,,30,30,30,,,,,,,,,,,,,,,Requested RNO according P3 project,,,,,,,,,,,,,,,,,,,,,,,,,,,,,,
a1212130,a123131239,a123131239,a123131239,a123131239,a123131239,a123131239,a123131239,a123131239,a123131239,a123131239,40.1183,49.43085,High,,,,,,,wegwegewegwe,NSN MR,wergewweg,NSN MR,,,,,Nominal,asdqwerqwer,asdqwerqwer,asdqwerqwer,asdqwerqwer,asdqwerqwer,asdqwerqwer,asdqwerqwer,asdqwerqwer,asdqwerqwer,asdqwerqwer,asdqwerqwer,GF 30m,30m,,,0,3,0,,3,3,0,3,,6,2,2,2,,6,,,,,, TBXLHA-6565B-VTM , TBXLHA-6565B-VTM , TBXLHA-6565B-VTM ,,Shared,Shared,Shared,,,,80010872,80010872,80010872,,,,,,,,3|2|3,3|2|3,3|2|3,,2|2|2,3|3|3,,,20|90|210,20|90|210,20|90|210,,30/30/30,30/30/30,30/30/30,,35,35,35,,F.O.,F.O.,F.O.,,,,,,,,,,,Stable internet in trains,,,,,,,,,,,,,,,,,,,,,,,,,,,,,,
a1212131,a123131240,a123131240,a123131240,a123131240,a123131240,a123131240,a123131240,a123131240,a123131240,a123131240,39.99895,49.1863,Middle,,,,,,,wegwegewegwe,DBS3900,wergewweg,DBS3900,,,,,Nominal,asdqwerqwer,asdqwerqwer,asdqwerqwer,asdqwerqwer,asdqwerqwer,asdqwerqwer,asdqwerqwer,asdqwerqwer,asdqwerqwer,asdqwerqwer,asdqwerqwer,GF 30m,30m,,,0,3,0,,3,3,0,3,,6,2,2,2,,6,,,,,, TBXLHA-6565B-VTM , TBXLHA-6565B-VTM , TBXLHA-6565B-VTM ,,Shared,Shared,Shared,,,,80010872,80010872,80010872,,,,,,,,3|2|3,3|2|3,3|2|3,,2|2|2,3|3|3,,,20|90|210,20|90|210,20|90|210,,30/30/30,30/30/30,30/30/30,,35,35,35,,F.O.,F.O.,F.O.,,,,,,,,,,,Stable internet in trains,,,,,,,,,,,,,,,,,,,,,,,,,,,,,,
a1212132,a123131241,a123131241,a123131241,a123131241,a123131241,a123131241,a123131241,a123131241,a123131241,a123131241,39.94834,49.36403,Middle,,,,,,,wegwegewegwe,DBS3900,wergewweg,DBS3900,,,,,Nominal,asdqwerqwer,asdqwerqwer,asdqwerqwer,asdqwerqwer,asdqwerqwer,asdqwerqwer,asdqwerqwer,asdqwerqwer,asdqwerqwer,asdqwerqwer,asdqwerqwer,GF 30m,30m,,,0,3,0,,3,3,0,3,,6,2,2,2,,6,,,,,, TBXLHA-6565B-VTM , TBXLHA-6565B-VTM , TBXLHA-6565B-VTM ,,Shared,Shared,Shared,,,,80010872,80010872,80010872,,,,,,,,3|2|3,3|2|3,3|2|3,,2|2|2,3|3|3,,,20|90|210,20|90|210,20|90|210,,30/30/30,30/30/30,30/30/30,,35,35,35,,F.O.,F.O.,F.O.,,,,,,,,,,,Stable internet in trains,,,,,,,,,,,,,,,,,,,,,,,,,,,,,,
